variant,prediction
N399D,-4.301651954650879
E259P,-2.6984975337982178
A281L,-7.385826587677002
E236P,-1.6302440166473389
V373A,-3.115055561065674
P431K,-3.954320907592773
P174A,-0.9699783325195312
S133G,-7.467421531677246
L336I,-8.538984298706055
K462N,-4.958037376403809
E444N,-0.3494427800178528
K378N,-4.724156379699707
V436A,-1.9772485494613647
S445G,-3.5523834228515625
A478S,-1.930442214012146
T425A,-2.8118855953216557
G130A,-5.738731384277344
G483A,-6.337547302246094
R28K,-2.660550355911255
K472N,-3.8286402225494394
S139A,-3.3048946857452397
T248A,-4.806915283203125
L416Y,-3.432903289794922
A255G,-1.8380467891693115
S50D,-0.4156498312950134
G82A,-7.725561141967773
D418E,-2.391347646713257
E238D,-7.441242218017578
I451L,-3.4129908084869385
D391E,-2.935444593429565
G64S,-7.525846481323242
W489Y,-4.48954439163208
D203E,-5.868380546569824
K256S,-5.159538745880127
P27E,0.4731101989746094
G508A,-6.4037251472473145
E232A,-1.4592232704162598
Y422F,-2.167185544967652
W237Y,-0.5603415966033936
Y514V,-1.4160256385803225
N381T,-4.541645050048828
S480G,-3.0556445121765137
S128A,-2.998169422149658
L67C,-1.988125443458557
L148I,-5.421534538269043
A396S,-2.5267295837402344
Y435Q,-2.104238986968994
T23A,-2.1655259132385254
R454L,-4.021032333374023
K482T,0.339169442653656
L254K,-2.1159920692443848
P513R,-2.099452018737793
K22A,-2.515910625457764
D375K,-1.627803087234497
F371Y,-3.919156551361084
V433I,-2.8396594524383545
L241F,-3.7531936168670654
A260K,-2.0644307136535645
D233N,-7.26890754699707
R546K,-0.5751386284828186
S154A,-5.679617881774902
A397Y,-2.040179491043091
E374S,-2.781003952026367
K261N,-3.365083694458008
D43E,-5.809686660766602
P210A,-2.367205619812012
Y479G,-1.870042324066162
A215K,-3.4036455154418945
M398S,1.5184695720672607
K413G,-4.440036773681641
F311Y,-4.511713027954102
G370Y,-2.482604503631592
E441D,-3.959128379821777
K377V,-1.7802741527557373
D253L,2.6273674964904785
G360E,-2.942624807357788
K244G,-3.2019546031951904
I469F,-3.1393187046051025
D291K,-6.441635608673096
S126G,-2.9450583457946777
L409I,-1.6720495223999023
M376F,-1.2759389877319336
K366N,-4.625740051269531
P247F,1.4558571577072144
A25E,-3.523019313812256
K51Q,-3.551736831665039
N457Q,-7.444666385650635
K195T,-4.526800155639648
H365N,-1.017216682434082
L526I,-3.374661445617676
E426Y,-4.411215782165527
M380I,-0.4694423675537109
S85T,-3.37052059173584
H132M,1.525231957435608
P121V,-1.675160527229309
I447L,-3.221491813659668
G99A,-4.924297332763672
S510T,-2.581371068954468
K387R,-5.219490051269531
V122I,-3.41609787940979
D440K,-1.1626529693603516
H71Y,-3.76680850982666
P92G,-6.521908283233643
T252K,-2.913127899169922
N24Q,-2.954967498779297
I529V,-5.820505142211914
G263S,-3.145303249359131
F332L,-7.88551664352417
N69K,-6.963537216186523
A279V,-7.682673454284668
S524A,-3.175386905670166
L107T,-4.175263404846191
N127D,-1.917021870613098
T294P,-4.449215888977051
G474Y,-4.714767456054688
V129A,-1.3747491836547852
H515Y,-2.482302188873291
T79S,-8.43026351928711
Q512V,-1.95395028591156
T184S,-4.413177490234375
V419I,-4.073174476623535
I394V,-3.058098793029785
S166A,-1.5941615104675293
D73N,-2.6392321586608887
K207N,-6.195024490356445
P368S,-5.643265724182129
Y258K,-0.991763710975647
S477L,-2.2541091442108154
F531M,-3.6474690437316895
P497G,-6.973312377929688
L213Y,-2.293415307998657
T183A,-2.395325183868408
Q226S,-2.8707075119018555
V111I,-4.574864387512207
T125G,-2.111238718032837
M288L,0.5012650489807129
S491P,-3.5824742317199707
N314H,-4.782022476196289
V359P,-0.3469495177268982
Q287K,-1.6596837043762207
L240K,-2.559221029281616
T114V,-3.326709508895874
A211N,-3.0923855304718018
Q212D,-3.107274293899536
V488T,-0.8191657066345215
T175N,-2.3350064754486084
V423L,-2.627248287200928
A364E,-1.7300894260406494
N68K,-0.9594364166259766
G242K,-4.601922035217285
T220L,-6.567444801330566
N216K,-3.2866363525390625
P76S,-5.158256530761719
K262Y,-2.174062967300415
G289D,-9.450892448425291
S303A,-5.317743301391602
Y227F,-8.339152336120605
D421K,-0.9184277653694152
G217N,-3.2395451068878174
N511T,-3.416581153869629
G176A,-3.0509438514709477
S438T,-2.612831354141236
E229N,-3.8483693599700928
W218Y,-9.56074047088623
D116E,-7.255349636077881
T439S,-2.687185764312744
K407Q,-5.50111198425293
L264I,-4.089868068695068
Q363A,-3.1775896549224854
I393W,-2.692899227142334
T268S,-4.901641845703125
Y403F,-4.867123603820801
V26Q,0.050666332244873
T143A,-3.455151319503784
S446K,-2.7502551078796387
Q401N,-5.26512336730957
N392K,-3.137917995452881
V214L,-2.5768423080444336
H495R,-8.539793014526367
F361Y,-2.6582155227661133
A351S,-4.232682228088379
S358A,-2.568737506866455
L61M,-4.768170356750488
T118S,-3.761467456817627
F372N,-1.0171785354614258
V299I,-4.755812644958496
Y52F,-2.519206523895264
M516I,-2.8410403728485107
G545N,-2.3592188358306885
T246R,-0.6905784606933594
K245T,-3.155930280685425
Y492F,-5.733857154846191
M278F,-0.3209733366966247
D473P,1.6289091110229492
P29A,-10.050264358520508
G502A,-11.21705436706543
S66N,-0.6321672797203064
N136R,-5.121853828430176
M424K,-1.184926986694336
D411E,-3.7550220489501953
A410K,-3.6163814067840576
L301F,-2.4587693214416504
I470V,-3.349028348922729
P532S,-9.418689727783203
A356S,-3.711729049682617
K383A,-4.185622215270996
L437Y,-3.645921230316162
K481S,-2.0919382572174072
I167V,-4.5580735206604
T140S,-4.35179615020752
T517V,-5.213814735412598
E542D,-5.446140289306641
A302S,0.3658151626586914
G158S,-3.801191329956055
L427M,-5.166160583496094
L146I,-5.895033836364746
E415S,-1.2399699687957764
H357E,-2.833888053894043
I72Y,-1.5035967826843262
V91T,-0.8070006370544434
S412K,-0.396481990814209
V536T,-3.6095592975616455
L476F,-2.3891446590423584
D417K,-0.3590392470359802
A177S,-4.207216739654541
S230A,-6.7450714111328125
P448S,-4.661926746368408
S471L,-2.1267619132995605
T88S,-6.7331624031066895
D405N,-2.602124691009521
K452R,-4.397548675537109
G96S,-9.612503051757812
K109R,-4.174423694610596
M362L,-2.5930871963500977
Y74H,-3.960721015930176
L384I,-4.915639400482178
A395K,-1.4603917598724363
I442L,-2.804994583129883
S432G,-1.8461414575576784
G108K,-3.280601978302002
W200Y,-5.791376113891602
W443K,3.348720073699951
N335Y,-0.3668787479400635
N225S,-2.543794631958008
I456L,-2.0534629821777344
V455I,-3.2757184505462646
A382E,-4.084475517272949
I265L,-3.809590339660645
V209L,0.3080692291259765
E106T,-2.794977903366089
D144E,-8.807726860046387
D181E,-6.736358642578125
Q468F,-2.971465587615967
W179F,-7.51941967010498
S115E,-2.307214498519897
L434A,-1.6099753379821775
E317Q,-8.943144798278809
I293F,-2.2258918285369877
V36T,-5.578250885009766
Q277K,-3.3246021270751958
Q386A,-2.150225877761841
F187W,-3.873946666717529
N286E,2.048865556716919
S243G,-1.8612695932388303
G285A,-3.214212417602539
H95N,-3.4041411876678467
F500W,-3.542895793914795
G53S,-5.717729568481445
E319Q,-3.02884578704834
R463K,-7.285309791564941
W461P,5.19108247756958
Q120K,-1.3474080562591553
Y475W,-3.0649380683898926
R406H,-3.3502345085144043
T153K,0.7239817976951599
V119Y,-4.105851650238037
I505V,-4.791592121124268
K105R,-3.1988582611083984
G308S,-8.964689254760742
G537A,-10.133724212646484
E196D,-4.311574459075928
I544L,-2.0181713104248047
D328E,-4.732177734375
D257G,-2.9322102069854736
Y49Q,-1.1140592098236084
H486N,-8.69851016998291
L197Y,-5.750039100646973
V235S,-0.9526932239532472
E449A,-4.761544227600098
G123D,-6.557235240936279
T267S,-3.7473702430725098
I86L,-5.15621280670166
E379K,-2.7421040534973145
G271A,-5.01344633102417
Y400N,-3.529769897460937
M367L,-1.9100470542907717
S160A,-5.206289291381836
P539V,-4.239158630371094
N490Y,-0.6900119781494141
D320E,-9.074040412902832
S525A,-2.612170696258545
L527M,-7.464250564575195
R266K,-3.61517596244812
P450E,-2.66701602935791
S453Q,-2.597274780273437
K429N,-5.351555824279785
D518N,-8.59337043762207
S315A,-5.06858491897583
V402I,-2.609673500061035
Y459F,-4.285404205322266
W102F,-6.956645488739014
L297M,-6.183359146118164
I94V,-3.175891637802124
V159I,-3.0812244415283203
G534A,-5.31478214263916
T63E,0.4893398284912109
T275V,-4.6216888427734375
T150S,-4.74982213973999
I540L,-4.78656005859375
R420K,-2.3309555053710938
L499I,-2.862621307373047
N334T,-3.9499645233154297
M501Y,-1.9446148872375488
L414V,-3.235764980316162
I188V,-4.121901512145996
K339R,-6.409185409545898
S110T,-2.9778778553009038
L274Y,-4.5882720947265625
N344Q,-5.0197601318359375
N100D,-9.54242992401123
S190T,-8.717109680175781
N173L,-1.4019556045532229
N62K,-5.233298778533936
G185N,-6.749757766723633
V408K,-1.9583450555801392
F249H,-5.896458625793457
T369G,-1.0253994464874268
T189S,-3.5424766540527344
P223D,-5.714386463165283
Y322F,-7.355510234832764
T141S,-5.981999397277832
L137I,-5.582668304443359
A170S,-5.100989818572998
G389K,-5.371503829956055
V75I,-3.0707879066467285
K385T,-4.439948081970215
K428R,-4.771227836608887
G55N,-5.605129718780518
T522S,-8.578083038330078
G504N,-4.341232776641846
T77S,-7.183152198791504
D331A,-2.827646493911743
V33I,-6.274320602416992
N460H,-3.599632740020752
F178Y,-2.2040438652038574
I81P,0.9035910964012146
P250A,-6.646028518676758
G171A,-8.579100608825684
Y112S,-6.699885368347168
Y192F,-5.815705299377441
T541E,-4.175501823425293
D352E,-11.19155502319336
K162N,-9.574273109436035
Y345F,-7.634263038635254
F348V,-8.420221328735352
A390K,-2.0659875869750977
P198A,-9.667953491210938
N205D,-9.434212684631348
V157I,-2.501540184020996
L329I,-5.753609657287598
A149S,-4.264759063720703
E430H,-1.1397144794464111
Q131K,-1.3743305206298828
L276K,-3.500874757766724
D295N,-10.47089385986328
F388Y,-4.057506084442139
V347L,-5.322567939758301
T485S,-3.9306235313415527
G312S,-8.395781517028809
L222F,-5.542661666870117
V543I,-4.203618049621582
Q507K,-1.7661635875701904
N202T,-1.5963897705078125
F87Y,-2.258380889892578
A355G,-2.692092180252075
F404L,-2.2939414978027344
R47K,-6.413566112518311
L168F,-6.138801574707031
N300S,2.533644676208496
V307I,-2.747985363006592
N151G,-6.4540534019470215
P169T,-5.492044925689697
I316V,-4.013942718505859
K506R,-6.499338150024414
D493S,-6.942249298095703
Y251L,-2.002512216567993
N208K,-3.2446744441986084
G56A,-9.864171028137209
V37I,-6.567482948303223
P269A,-8.753585815429688
D104S,-3.588566303253174
E54D,-4.775650024414063
L161I,-4.467594146728516
F152Y,-3.7507495880126953
L221A,-6.69691276550293
K155R,-6.31015157699585
D284E,-3.63897442817688
W138L,4.412007808685303
N272D,-6.809709072113037
R135K,-2.2277579307556152
D292N,-3.1671290397644043
Q21A,-2.2535290718078613
Y46H,-6.427226543426514
T124G,-2.374387741088867
I224V,-3.783515691757202
E509V,-2.536364793777466
C113S,-2.579791784286499
A98V,-1.554656982421875
L45I,-5.466743469238281
A535C,-2.6665024757385254
G458S,-3.9129271507263184
S231K,-1.286970615386963
K186N,-3.0553534030914307
T304P,-7.478882312774658
V201L,-5.706057071685791
T298A,-2.288518190383911
G147R,1.7461302280426023
A282S,-7.231148242950439
P521A,-5.35336971282959
S464T,-7.853466033935547
F204Y,-4.834297180175781
V70A,-1.2452983856201172
V142I,-2.520995616912842
G343D,-4.506368637084961
S93A,-3.767665147781372
Q530P,-2.03017520904541
T84A,0.2941503524780273
V156I,-5.250454425811768
G341D,-11.31068992614746
R324K,-7.861270904541016
Y193F,-7.266327381134033
A330E,-5.105856895446777
D182E,-2.709990739822388
A520V,-6.2880048751831055
L35I,-2.434761047363281
R59K,-5.696846008300781
T484A,-5.105117321014404
M60L,-1.6376872062683103
V78Y,-2.559409618377685
Y44F,-5.48294734954834
S494T,-1.9240601062774656
I283L,-5.54258394241333
V340I,-5.723474502563477
Y48F,-2.8462581634521484
G34A,-5.815225601196289
S350T,-1.0095396041870115
I467L,-3.03779935836792
D38E,-9.511383056640623
D305E,-10.989935874938965
K58R,-5.729231357574463
L346V,-5.414783477783203
E117S,-3.5637173652648926
Y103F,-5.560568809509277
G89S,-9.604629516601562
D466E,-6.196628093719482
G239K,-2.5356831550598145
L498I,-4.280213356018066
G465A,-7.027374267578125
T273S,-5.011600494384766
K528N,-1.9377633333206177
N234K,-4.572098255157471
A165G,-0.6528816819190979
P134A,-5.665689468383789
L31I,-7.528165817260742
D280L,0.3315470218658447
L349M,-6.636165618896484
R41K,-9.195555686950684
F180Y,-2.896337985992432
F333L,-3.635207176208496
V32I,-3.834242820739746
L323I,-6.037097930908203
L325M,-8.819487571716309
T194M,-2.005115032196045
H83S,-7.416917324066162
I496V,0.0042600631713867
S487G,-1.0500726699829102
I519V,-5.827859401702881
Y65F,-2.037859439849853
P313T,-2.782614231109619
R164N,-8.156744956970215
M40L,-7.009147644042969
K338R,-5.08568000793457
H172K,-4.320346355438232
V523I,-1.0306830406188965
D163A,-8.535863876342773
H309E,-8.693560600280762
N310A,-2.5378689765930176
T191S,-4.566794395446777
D326E,-9.100403785705566
W42Y,1.11688232421875
S533N,-3.51631498336792
T228K,-3.1674647331237797
F270Y,-4.3059282302856445
N206A,-2.135464906692505
D337N,-7.967179775238037
I97V,-5.608196258544922
V318I,-3.1622586250305176
Q145E,-1.6649866104125977
V290K,-0.3567442893981933
D101S,-4.930769920349121
A80G,-4.5279459953308105
K199A,-4.097546577453613
G354A,-4.4303131103515625
N219D,-2.9693472385406494
T321V,-4.295934677124023
K30R,-7.0195417404174805
R327K,-3.0107760429382324
Q39G,-8.912375450134277
K538T,-4.767460346221924
S90T,-2.7493972778320312
F296M,-4.549419403076172
F57L,-7.2047505378723145
Y306F,-5.646670818328857
K342A,-6.890499591827393
W503Y,-5.33818244934082
H353N,-10.39478588104248
M20A,-6.799341201782227
